font_size,strength,density
0,0,30
4,1,5
6,2,2
7,3,7
8,4,29
9,5,17
10,6,76
11,7,101
11,8,162
12,9,46
13,10,10
17,19,1
18,21,1
20,25,1
21,28,1
23,32,2
23,34,1
24,35,1
24,36,3
25,38,1
27,46,2
28,48,1